name,Britroc.No,TP53,mapTP53cn,low.AF,Noisy,low.readcount,smooth,notes,Failed,additional.comments,newfit,newTP53measure,sig_pairs,TMA_ID,star_rating,fit_uncertain,time_point,NG_fit,noise,TP53freq,manual_fit
IM_3,1,N,,,,,,recover,,,,NA,,,NA,,archival,,NA,NA,NA
JBLAB-4101,1,Y,0|4,,,,,,,,0|1,11000000,,,3,,relapse,0|1,0.171654969,0.47491688,Y
JBLAB-4102,1,Y,0|2,,,,,,,,0|1,11000000,,,3,,relapse,,0.17577058,0.557917293,Y
JBLAB-4103,1,Y,0|1,,,,,,,,0|1,7565097,,,3,,relapse,0|1,0.127307039,0.670713896,N
IM_5,2,Y,0|3,,,,,,,,0|2,7565097,,,3,,archival,,0.093436467,0.976049304,Y
IM_6,2,Y,0|2,,,,,,,,0|2,7565097,Y,BRTITROC_TMA1,3,,archival,0|2,0.134616072,0.948429942,N
JBLAB-4104,2,Y,0|2,,,,,,,,0|2,7565097,Y,,3,,relapse,0|2,0.132669862,0.814523256,N
JBLAB-4105,2,Y,0|2,,,,,,,,0|2,7565097,,,3,,relapse,0|2,0.122457893,0.79025599,N
IM_10,3,Y,0|2,,,,,,,,0|2,7565097,,BRTITROC_TMA1,2,,archival,,0.258260034,0.312743806,N
IM_11,3,Y,0|2,,,,,,,,0|2,7565097,,,3,,archival,0|2,0.240105493,0.313365854,N
IM_12,3,Y,0|2,,,,,,,,0|2,7565097,,,1,,archival,,0.513877325,0.170947566,N
IM_13,3,Y,0|2,,,,,,,,0|2,7565097,,,2,,archival,,0.528022293,0.158616698,N
IM_7,3,Y,0|3,,,,,,,,1|2,28000000,,BRTITROC_TMA1,3,,archival,,0.22258259,0.326712851,Y
IM_8,3,Y,0|2,,,,,,,,0|2,7565097,,,3,,archival,0|2,0.219421718,0.361060215,N
IM_9,3,Y,0|2,,,,,,,,0|2,7565097,,,3,,archival,,0.163037299,0.353524114,N
IM_14,4,Y,0|2,,Y,,Y,,,,1|1,4000000,,BRTITROC_TMA1,1,,archival,,0.288445608,0.195747519,Y
IM_15,4,Y,0|3,,Y,Y,Y,,,,0|2,2000000,,,1,,archival,,0.349104525,0.360941234,Y
JBLAB-4106,4,Y,0|3,,,,,,,,0|3,7565097,,,3,,relapse,0|3,0.20901205,0.628008463,N
IM_18,5,Y,0|7,,Y,,Y,,,,0|2,7565097,Y,,2,,archival,0|3,0.172013869,0.853593525,Y
IM_19,5,Y,0|7,,Y,,Y,,,,0|2,78000000,,BRTITROC_TMA1,1,,archival,0|3,0.196739494,0.779746988,Y
JBLAB-4108,5,Y,0|2,,,,,,,,0|2,7565097,,,3,,relapse,0|2,0.133384651,0.886525872,N
JBLAB-4109,5,Y,0|2,,,,,,,,0|2,7565097,Y,,3,,relapse,0|2,0.180494134,0.808888747,N
IM_274,6,Y,0|2,Y,Y,,,,Y,,0|2,7565097,,BRTITROC_TMA2,NA,,archival,,NA,NA,N
JBLAB-4110,6,Y,0|3,,,,,,,,0|2,7565097,,,3,,relapse,0|2,0.189660791,0.587719794,Y
JBLAB-4235,6,Y,0|3,,,,,,,,0|2,7565097,,,2,,relapse,0|2,0.290631444,0.538274851,Y
IM_21,7,N,,,,,,"recover, looks similar to IM_3, possible swap",,,,NA,,,NA,,archival,,NA,NA,NA
JBLAB-4111,7,N,,,,,,recover,,,,NA,,,NA,,relapse,,NA,NA,NA
IM_22,8,Y,0|1,,,,,,,,0|1,7565097,Y,BRTITROC_TMA1,3,,archival,0|1,0.158439977,0.661490566,N
JBLAB-4112,8,Y,0|1,,,,,,,,0|1,7565097,Y,,3,,relapse,0|1,0.187861928,0.708490428,N
IM_23,9,Y,0|2,,Y,,Y,,,,0|2,7565097,Y,BRTITROC_TMA1,3,,archival,0|2,0.143392104,0.745479253,N
JBLAB-4113,9,Y,0|2,,,,,,,,0|2,7565097,Y,,3,,relapse,0|2,0.233995302,0.456938322,N
JBLAB-4114,10,N,,,,,,,Y,,,NA,,,NA,,relapse,,NA,NA,NA
IM_25,11,Y,0|3,,,,,,,,0|3,7565097,Y,BRTITROC_TMA1,3,,archival,0|3,0.174804721,0.581835669,N
JBLAB-4115,11,Y,0|3,,,,,,,,0|3,7565097,Y,,3,,relapse,0|3,0.166152524,0.732494496,N
IM_27,12,Y,0|2,,Y,,,flat profile,Y,,0|2,7565097,,,NA,,archival,,NA,NA,N
JBLAB-4116,12,Y,0|2,,,,,,,,0|2,7565097,,,3,,relapse,0|2,0.175350649,0.503827676,N
IM_28,13,Y,0|4,,,,,,,,0|3,7565097,,BRTITROC_TMA1,1,,archival,0|3,0.170208962,0.695091476,Y
IM_29,13,Y,0|5,,,,Y,,,,0|3,8000000,,BRTITROC_TMA1,1,,archival,0|3,0.17621794,0.670310902,Y
IM_30,13,Y,0|3,,,,,,,,0|3,7565097,,BRTITROC_TMA1,1,,archival,0|3,0.141157205,0.74529734,N
IM_31,13,Y,0|4,,,,,,,,0|3,7565097,,BRTITROC_TMA1,1,,archival,0|3,0.159982819,0.777624035,Y
IM_32,13,Y,0|6,,,,,,,,0|3,10000000,,BRTITROC_TMA1,1,,archival,0|3,0.148321743,0.797729483,Y
IM_33,13,Y,0|3,,,,Y,,,,0|3,7565097,,BRTITROC_TMA1,1,,archival,0|3,0.174993394,0.669058887,N
IM_34,13,Y,1|2,,,,Y,,,,0|3,34000000,,BRTITROC_TMA1,1,,archival,0|3,0.170475215,0.636198003,Y
IM_35,13,Y,0|3,,Y,,Y,hard to fit,,,1|2,7565097,,BRTITROC_TMA1,1,,archival,,0.303203305,0.265168605,Y
IM_37,14,Y,0|2,,Y,,Y,hard to fit,,,0|2,32000000,Y,,1,,archival,0|2,0.137023385,0.540454982,Y
IM_38,14,Y,1|1,,,,,,,,0|1,9000000,,BRTITROC_TMA1,2,,archival,0|1,0.243805408,0.222964058,Y
JBLAB-4118,14,Y,0|1,,,,,,,,0|1,7565097,,,2,,relapse,0|1,0.206675141,0.440216319,N
JBLAB-4289,14,Y,0|1,,,,,,,,0|1,7565097,Y,,2,,relapse,,0.102228868,0.504054787,N
IM_39,15,Y,0|4,,,,Y,,,,0|2,7565097,,BRTITROC_TMA1,1,,archival,0|4,0.209164768,0.584990492,Y
IM_40,15,Y,0|6,,,,Y,,,,0|2,7565097,,,1,,archival,0|4,0.204824805,0.607254632,Y
JBLAB-4119,15,Y,0|3,Y,Y,,,,Y,,0|3,7565097,,,NA,,relapse,,NA,NA,N
JBLAB-4120,16,Y,0|2,,,,,,,,0|2,7565097,,,3,,relapse,0|2,0.103940296,0.822736296,N
IM_190,17,Y,0|1,,,,,,,,0|3,26000000,Y,BRTITROC_TMA1,3,,archival,0|1,0.139815252,0.8020975,Y
JBLAB-4121,17,Y,0|1,,,,,,,,0|2,7565097,Y,,3,,relapse,0|1,0.1429654,0.672089514,Y
IM_42,18,Y,0|1,Y,,,,hard to fit,,,0|1,7565097,Y,,1,,archival,0|1,0.264715748,0.162486842,N
JBLAB-4122,18,Y,0|3,,,,,,,,0|4,7565097,Y,,3,,relapse,0|2,0.144541636,0.556,Y
IM_43,19,N,,,,,,,Y,,,NA,,,NA,,archival,,NA,NA,NA
JBLAB-4123,19,Y,1|2,,,,,,,,0|2,7565097,,,2,,relapse,,0.165260054,0.57739662,Y
IM_45,20,Y,1|2,Y,Y,,,,Y,,1|2,7565097,,,NA,,archival,,NA,NA,N
IM_46,20,Y,0|8,Y,Y,,,,Y,,0|8,7565097,,BRTITROC_TMA1,1,,archival,,NA,NA,N
IM_47,20,Y,0|2,Y,Y,,,,Y,,0|2,7565097,,BRTITROC_TMA1,1,,archival,0|2,NA,NA,N
IM_48,20,Y,0|3,Y,Y,,,,Y,,0|3,7565097,,,1,,archival,,NA,NA,N
IM_49,20,Y,0|3,Y,Y,,,,Y,,0|3,7565097,,,1,,archival,,NA,NA,N
IM_50,20,Y,0|3,Y,Y,,,,Y,,0|3,7565097,,,1,,archival,,NA,NA,N
IM_54,20,Y,1|2,Y,Y,,,,Y,,1|2,7565097,,,1,,archival,,NA,NA,N
IM_55,21,Y,0|4,,,,Y,hard to fit,,,0|3,25000000,N,BRTITROC_TMA1,1,Y,archival,,0.209866322,0.611794126,Y
JBLAB-4125,21,Y,0|2,Y,,,,,Y,,0|2,7565097,,,1,,relapse,,NA,NA,N
JBLAB-4126,21,Y,0|2,,,,,hard to fit,,,1|1,7565097,N,,1,,relapse,,0.280348867,0.230202578,Y
JBLAB-4127,22,Y,0|1,,,,,,,,0|1,7565097,,,3,,relapse,0|1,0.148006896,0.428487352,N
IM_56,23,Y,0|1,,,,,,,,0|2,7565097,Y,BRTITROC_TMA1,2,,archival,0|2,0.205844008,0.426292574,Y
JBLAB-4128,23,Y,0|2,,,,,,,,0|2,7565097,Y,,3,,relapse,0|2,0.132394706,0.798455704,N
JBLAB-4967,23,Y,0|2,,,,,,,,0|2,7565097,,,3,,relapse,,0.125258551,0.771415735,N
IM_57,24,Y,0|2,,,,,,,,1|2,7565097,Y,BRTITROC_TMA1,3,,archival,1|2,0.137167592,0.620734694,Y
JBLAB-4129,24,Y,0|3,,,,,,,,0|3,7565097,Y,,3,,relapse,2|1,0.16646129,0.587530744,N
IM_58,25,Y,0|2,,,,,,,,0|2,7565097,,BRTITROC_TMA1,3,,archival,0|2,0.26386063,0.417705986,N
IM_59,26,Y,0|3,,,,,hard to fit,,no change,0|3,7565097,,,2,Y,archival,0|4,0.17533029,0.640213995,N
IM_61,27,N,,,,,,normal,Y,,,NA,,,NA,,archival,,NA,NA,NA
IM_62,27,N,,,,,,,Y,,,NA,,,NA,,archival,,NA,NA,NA
IM_63,27,N,,,,,,normal,Y,,,NA,,,NA,,archival,,NA,NA,NA
JBLAB-4132,27,Y,0|2,,,,,flat profile,Y,,0|2,7565097,,,NA,,relapse,,NA,NA,N
JBLAB-4133,27,Y,0|2,Y,,,,,Y,,0|2,7565097,,,NA,,relapse,,NA,NA,N
IM_65,28,Y,0|2,,,,,,,,0|2,7565097,Y,,2,,archival,0|2,0.303913199,0.284291372,N
JBLAB-4134,28,Y,0|2,,,,,,,,0|3,26000000,Y,,2,,relapse,0|3,0.294081564,0.469142125,Y
IM_66,29,Y,0|2,,,,,,,,0|2,7565097,Y,BRTITROC_TMA1,3,,archival,,0.106548108,0.931450032,N
IM_67,29,Y,0|2,,,,,,,,0|2,7565097,,,3,,archival,0|2,0.26595506,0.440388589,N
JBLAB-4135,29,Y,0|2,,,,,,,,0|2,7565097,Y,,3,,relapse,0|2,0.301744023,0.426091531,N
IM_68,30,Y,0|5,,,,Y,,,,0|3,7565097,Y,BRTITROC_TMA1,3,,archival,0|3,0.142910968,0.916468833,Y
JBLAB-4136,30,Y,0|7,,,,Y,,,,0|3,7565097,Y,,3,,relapse,0|3,0.100095697,0.967,Y
IM_296,31,N,,,,,,,Y,,,NA,,,NA,,archival,,NA,NA,NA
JBLAB-4137,31,Y,0|2,Y,Y,,Y,,Y,,0|2,7565097,,,1,,relapse,,NA,NA,N
JBLAB-4138,31,Y,0|3,,Y,,,,Y,,0|3,7565097,,,1,,relapse,,NA,NA,N
IM_299,32,N,,,,,,recover,,,,NA,,,NA,,archival,,NA,NA,NA
IM_302,32,N,,,,,,recover,,,,NA,,,NA,,archival,,NA,NA,NA
IM_70,32,Y,0|2,,,,,,,,0|2,7565097,,,3,,relapse,0|2,0.256509175,0.550723865,N
JBLAB-4139,32,Y,0|2,,,,,,,,0|2,7565097,,,3,,relapse,0|2,0.145199146,0.628551405,N
JBLAB-4236,32,Y,0|2,,,,,,,,0|2,7565097,,,3,,relapse,0|2,0.134723398,0.787327552,N
JBLAB-4238,32,Y,0|2,,,,,,,,0|2,7565097,,,3,,relapse,0|2,0.119628527,0.714030776,N
JBLAB-4240,32,Y,0|3,,,Y,,,,,0|3,48000000,,,3,,relapse,0|2,0.177495914,0.94020375,Y
JBLAB-4241,32,Y,0|2,,,,,,,,0|2,7565097,,,3,,relapse,0|2,0.224346559,0.554388335,N
IM_71,33,Y,1|2,,,,,,,,1|2,7565097,Y,BRTITROC_TMA1,2,,archival,0|2,0.127188176,0.620255117,N
IM_72,33,Y,0|4,,,,,,,,1|2,7565097,,BRTITROC_TMA1,2,,archival,0|2,0.131971913,0.626042727,Y
IM_73,33,Y,0|5,,,,Y,,,,0|2,7565097,,BRTITROC_TMA1,2,,archival,,0.232762147,0.531528224,Y
IM_74,33,Y,0|2,,Y,,,,,,1|2,7565097,,BRTITROC_TMA1,2,,archival,,0.16863057,0.4974277,Y
IM_75,33,Y,0|7,,,,,,,,1|2,7565097,,BRTITROC_TMA1,2,,archival,,0.149325969,0.592787447,Y
IM_76,33,Y,2|1,,Y,,,,Y,,2|1,7565097,,BRTITROC_TMA1,NA,,archival,,NA,NA,N
IM_77,33,Y,3|1,,Y,,,,Y,,3|1,7565097,,BRTITROC_TMA1,NA,,archival,,NA,NA,N
JBLAB-4140,33,Y,0|2,,,,,,,,1|1,19000000,Y,,1,,relapse,0|2,0.167897925,0.26596618,Y
IM_323,34,Y,0|2,,Y,,Y,,,,0|2,7565097,Y,BRTITROC_TMA2,3,,archival,,0.190876327,0.675592358,N
JBLAB-4141,34,Y,0|2,,,,,,,,0|2,7565097,Y,,3,,relapse,0|2,0.136163157,0.731506385,N
IM_224,35,Y,0|3,,,,,,,,0|1,12000000,N,,1,,archival,,0.272813446,0.64,Y
IM_79,35,Y,0|3,,,Y,,,,,0|2,7565097,N,BRTITROC_TMA1,2,,archival,,0.194711078,0.694012559,Y
JBLAB-4142,35,Y,0|2,,,,,,,,0|1,7565097,N,,2,,relapse,0|1,0.241444978,0.27270249,Y
IM_80,36,Y,0|2,,,,,,,,0|2,7565097,Y,BRTITROC_TMA1,3,,archival,0|2,0.117662047,0.834623942,N
JBLAB-4143,36,Y,0|3,,,,,,,,0|2,7565097,Y,,3,,relapse,,0.085994962,0.922528855,Y
IM_81,37,Y,0|1,,,,,,,,0|1,7565097,Y,BRTITROC_TMA1,3,,archival,0|1,0.177046,0.6505,N
JBLAB-4144,37,Y,0|1,,,,,,,,0|1,7565097,,,3,,relapse,0|1,0.130628707,0.644452261,N
JBLAB-4290,37,Y,0|1,,,,,,,,0|1,7565097,Y,,3,,relapse,,0.122299532,0.818017535,N
IM_82,38,Y,0|5,,,,,,,,0|5,7565097,,BRTITROC_TMA1,2,,archival,0|2,0.199038398,0.68948275,N
JBLAB-4145,38,Y,0|2,Y,,,,,Y,,0|2,7565097,,,NA,,relapse,,NA,NA,N
IM_83,39,Y,0|1,,,,,,,,0|1,7565097,,BRTITROC_TMA1,3,,archival,0|1,0.265911971,0.311030601,N
IM_84,39,Y,0|1,,,,,,,,0|1,7565097,Y,BRTITROC_TMA1,3,,archival,0|1,0.177702497,0.42191314,N
IM_85,39,Y,0|3,,,,,,,,0|1,10000000,,BRTITROC_TMA1,3,,archival,0|1,0.151217706,0.39844946,Y
JBLAB-4147,39,Y,1|2,,Y,,Y,,,,0|1,7565097,Y,,3,,relapse,0|1,0.134132508,0.403377555,Y
JBLAB-4148,40,Y,0|3,,,,,,,,0|3,16000000,,,3,,relapse,0|2,0.16789822,0.633527591,Y
IM_87,41,Y,0|6,,,,Y,,,,0|6,77000000,Y,BRTITROC_TMA1,3,,archival,0|4,0.19898509,0.739535581,Y
JBLAB-4149,41,Y,0|4,,,,,,,,0|4,7565097,,,3,,relapse,0|4,0.18826716,0.733545455,N
JBLAB-4150,41,Y,0|8,,,,,,,,0|4,7565097,Y,,3,,relapse,0|4,0.177225611,0.725796526,Y
IM_88,42,Y,0|2,,,,Y,,,,0|2,7565097,N,,1,,archival,0|2,0.507754363,0.189784314,N
JBLAB-4151,42,Y,0|2,,,,,,,no change,0|2,7565097,,,3,,relapse,0|2,0.139700535,0.635743455,N
IM_90,44,Y,0|2,Y,Y,,,,Y,,0|2,7565097,,BRTITROC_TMA1,NA,,archival,,NA,NA,N
JBLAB-4214,44,Y,0|1,,,,,,,,0|1,7565097,,,3,,relapse,0|2,0.402310623,0.207043614,N
JBLAB-4283,44,Y,0|1,,,,,,,,0|1,7565097,,,2,,relapse,,0.36274761,0.181043839,N
IM_91,45,Y,0|3,,,,,,,,0|3,7565097,,,3,,relapse,0|3,0.19559307,0.633621985,N
JBLAB-4152,45,Y,0|3,,,,,,,,0|3,7565097,,,3,,relapse,0|3,0.128303152,0.730683742,N
JBLAB-4153,45,Y,0|3,,,,,,,,0|3,7565097,,,3,,relapse,0|3,0.189723608,0.535883249,N
JBLAB-4154,45,Y,0|3,,,,,,,,0|3,7565097,,,3,,relapse,0|3,0.171194596,0.581027082,N
IM_92,46,Y,0|3,,,,,,,,1|2,16000000,Y,BRTITROC_TMA1,3,Y,archival,0|2,0.137618723,0.586073171,Y
JBLAB-4155,46,Y,0|2,,,,,,,,0|2,7565097,Y,,3,,relapse,0|2,0.21310588,0.53293748,N
JBLAB-4284,46,Y,0|3,,,,,,,,0|2,7565097,,,3,,relapse,,0.24973404,0.477758916,Y
JBLAB-4157,47,Y,0|5,,,,,,,,0|5,7565097,,,3,,relapse,0|5,0.221217868,0.612989444,N
JBLAB-4158,48,Y,0|2,,,,,,,,0|2,7565097,,,3,,relapse,0|2,0.214205106,0.409638554,N
JBLAB-4159,49,Y,0|3,,,,,,,,0|3,7565097,,,3,,relapse,0|3,0.163279844,0.868350046,N
JBLAB-4160,50,Y,0|2,,,,,,,,0|2,7565097,,,3,,relapse,0|2,0.184324396,0.638072664,N
IM_95,51,Y,0|3,,,,,,,,0|2,7565097,,,1,,archival,,0.312040546,0.306765517,Y
IM_96,51,Y,0|3,,,,,,,,0|3,7565097,Y,,3,,archival,0|3,0.204479441,0.55890611,N
IM_98,51,N,,,,,,,Y,,,NA,,,NA,,archival,,NA,NA,NA
JBLAB-4161,51,Y,0|8,,,,,,,,0|3,33000000,Y,,3,,relapse,0|3,0.181447502,0.596078899,Y
IM_184,52,Y,0|2,,,,,,,,2|1,7565097,N,BRTITROC_TMA1,1,,archival,,0.26622937,0.123319293,Y
IM_185,52,Y,0|2,Y,Y,,,,Y,,0|2,7565097,,BRTITROC_TMA1,NA,,archival,,NA,NA,N
JBLAB-4162,52,Y,0|1,,,,,,,,0|1,7565097,,,3,,relapse,0|1,0.241015076,0.319073684,N
IM_99,53,Y,0|2,,,Y,Y,,Y,,0|2,7565097,N,,1,,archival,,NA,NA,N
JBLAB-4163,53,Y,0|1,,,,,,,,0|1,7565097,,,3,,relapse,0|1,0.160579954,0.572434555,N
IM_100,54,Y,0|2,,,,,,,,0|2,7565097,,,3,,archival,0|2,0.195461291,0.379628959,N
IM_101,55,Y,0|1,,,,,,,,0|1,7565097,Y,BRTITROC_TMA2,3,,archival,0|1,0.090526939,0.853639903,N
JBLAB-4165,55,Y,0|1,,,,,,,,0|1,7565097,,,3,,relapse,0|1,0.128708544,0.892842742,N
JBLAB-4166,55,Y,0|1,,,,,,,,0|1,7565097,Y,,3,,relapse,0|1,0.131252302,0.905984634,N
IM_102,56,Y,0|2,,Y,,,,Y,,0|2,7565097,,,1,,archival,,NA,NA,N
IM_104,57,Y,0|2,,Y,,,,Y,,0|2,7565097,,,1,,archival,,NA,NA,N
IM_105,57,Y,0|2,,,,,,,,0|2,7565097,,,3,,archival,,0.204719067,0.301528448,N
JBLAB-4168,57,Y,0|6,,Y,,Y,,Y,,0|6,7565097,N,,1,,relapse,,NA,NA,N
IM_106,60,Y,0|5,,Y,,Y,,,,0|3,7565097,Y,BRTITROC_TMA1,2,,archival,,0.193612735,0.619587538,Y
IM_107,60,Y,0|5,,,,Y,,,,0|3,7565097,,,2,,archival,1|3,0.213093765,0.611731178,Y
JBLAB-4171,60,Y,0|4,,,,Y,,,,0|3,7565097,Y,,3,,relapse,0|3,0.121669733,0.814657508,Y
IM_108,61,Y,0|4,,Y,,Y,,,,0|2,7565097,Y,BRTITROC_TMA1,3,Y,archival,0|3,0.165795894,0.645221477,Y
JBLAB-4172,61,Y,0|3,,,,,,,,0|3,7565097,Y,,3,Y,relapse,0|3,0.295074485,0.407367953,N
IM_110,62,Y,0|2,,Y,,Y,,,,0|1,7565097,N,,1,,archival,,0.330922001,0.295428298,Y
IM_334,62,Y,2|1,Y,Y,,,,Y,,2|1,7565097,,,NA,,archival,,NA,NA,N
JBLAB-4173,62,Y,0|1,,,,,,,,0|1,7565097,,,3,,relapse,0|1,0.119616399,0.839053782,N
IM_111,63,Y,0|2,Y,Y,,,,Y,,0|2,7565097,,,1,,archival,,NA,NA,N
JBLAB-4174,63,Y,0|8,,,,,,,,0|3,7565097,,,3,,relapse,0|3,0.110293869,0.915693809,Y
JBLAB-4175,63,Y,0|2,,,,,,,,0|2,7565097,,,3,,relapse,0|2,0.120809733,0.915194886,N
JBLAB-4285,63,Y,0|4,,,,,,,,0|2,16000000,,,3,,relapse,,0.182234339,0.777504852,Y
IM_112,64,Y,0|2,,,,,,,,0|2,7565097,,BRTITROC_TMA1,3,,archival,0|2,0.163015421,0.791656627,N
IM_113,65,Y,0|3,,,,Y,,,,0|2,7565097,Y,BRTITROC_TMA1,2,,archival,0|2,0.196452094,0.535513035,Y
JBLAB-4177,65,Y,0|2,,,,,,,,0|2,7565097,Y,,3,,relapse,0|2,0.179036618,0.407730325,N
JBLAB-4178,66,Y,0|8,,,,,,,,0|2,27000000,,,3,,relapse,,0.13463598,0.817556805,Y
IM_115,67,Y,0|2,,,,,,,,0|2,7565097,Y,BRTITROC_TMA1,3,Y,archival,,0.172193936,0.997,N
JBLAB-4179,67,Y,0|1,,,,,,,,0|1,7565097,Y,,3,Y,relapse,0|1,0.115208758,0.76443622,N
IM_116,68,Y,0|3,,,,,,,,0|3,77000000,,BRTITROC_TMA1,3,,archival,0|2,0.150252707,0.647818504,Y
JBLAB-4180,68,Y,0|2,,,,,,,,0|2,7565097,N,,1,,relapse,,0.329063485,0.200820792,N
IM_117,69,Y,0|2,,,,,,,,0|2,7565097,,BRTITROC_TMA1,3,,archival,0|2,0.163768902,0.588779051,N
IM_118,69,Y,0|2,,,,,,,,0|2,7565097,,BRTITROC_TMA1,3,,archival,0|2,0.167853204,0.708664065,N
IM_119,69,Y,0|2,,,,Y,,,,0|2,7565097,,,3,,archival,0|2,0.133044681,0.530465096,N
IM_120,70,Y,0|2,Y,,,,,Y,,0|2,7565097,,,1,,archival,,0.550452773,0.155593186,N
IM_121,70,Y,0|3,,,,,,,,0|3,7565097,,,3,,archival,,0.234398272,0.453018422,N
IM_122,70,Y,0|3,,,,,,,,0|3,7565097,,,3,,archival,,0.168849437,0.467809231,N
JBLAB-4183,71,Y,0|6,,,,,,,no change,0|6,7565097,,,3,,relapse,0|5,0.170301594,0.78633966,N
IM_123,72,Y,0|2,,,,,,,,0|2,7565097,Y,BRTITROC_TMA1,3,,archival,0|2,0.195840472,0.44625431,N
JBLAB-4184,72,Y,0|2,,,,,,,,0|2,7565097,Y,,2,,relapse,0|2,0.270855,0.341789976,N
IM_124,74,Y,0|1,,,,Y,"0|1 also fits, lower ploidy",,,1|1,7565097,Y,BRTITROC_TMA1,2,,archival,0|2,0.103393503,0.747894889,Y
JBLAB-4186,74,Y,0|3,,,,,,,,0|3,7565097,,,3,,relapse,0|3,0.142720079,0.687602024,N
JBLAB-4187,74,Y,0|3,,,,,,,,0|3,7565097,,,3,,relapse,0|3,0.147564613,0.681057971,N
JBLAB-4188,74,Y,0|4,,,,,,,,0|3,63000000,Y,,2,,relapse,0|3,0.204978546,0.769162556,Y
JBLAB-4189,74,Y,0|4,,,,,,,,0|3,63000000,,,2,,relapse,0|3,0.164797008,0.749802847,Y
IM_125,75,Y,0|2,,,,,,,,0|2,7565097,,BRTITROC_TMA1,3,,archival,0|2,0.219513569,0.473575678,N
IM_126,76,Y,0|4,,,,Y,,,,0|2,7565097,Y,,3,,archival,0|2,0.179307081,0.592,Y
JBLAB-4191,76,Y,0|1,,,,,,,,0|1,7565097,Y,,3,,relapse,0|1,0.235570859,0.306119464,N
JBLAB-4242,76,Y,0|1,,,,,,,,0|1,7565097,,,2,,relapse,0|1,0.387915965,0.372899281,N
IM_225,77,Y,3|1,Y,,,,,Y,,3|1,7565097,,,NA,,archival,,NA,NA,N
JBLAB-4192,77,Y,1|1,Y,,,,,Y,,1|1,7565097,,,2,,relapse,,NA,NA,N
JBLAB-4291,77,Y,0|6,,,,,,,no change,0|6,7565097,,,2,Y,relapse,,0.195109205,0.670622281,N
JBLAB-4292,77,N,,,,,,recover,,,,NA,,,NA,,relapse,,NA,NA,NA
JBLAB-4193,78,Y,0|2,,,,,,,,0|2,7565097,,,3,,relapse,0|2,0.107671876,0.682466463,N
IM_127,79,Y,3|1,,,,,flat profile,Y,,3|1,7565097,,BRTITROC_TMA1,NA,,archival,,NA,NA,N
IM_128,79,Y,0|8,,,,,flat profile,Y,,0|8,7565097,,,NA,,archival,,NA,NA,N
IM_129,79,Y,0|5,,,,,flat profile,Y,,0|5,7565097,,BRTITROC_TMA1,NA,,archival,,NA,NA,N
IM_130,79,Y,0|3,,,,,,,no change,0|3,7565097,,BRTITROC_TMA1,1,,archival,0|5,0.32242995,0.345213356,N
IM_131,79,Y,0|2,,,,,,,no change,0|2,7565097,,BRTITROC_TMA1,1,,archival,,0.392602329,0.32255308,N
IM_132,79,Y,0|2,,,,,flat profile,Y,,0|2,7565097,,,NA,,archival,,NA,NA,N
IM_133,79,Y,0|2,,,,,flat profile,Y,,0|2,7565097,,,NA,,archival,,NA,NA,N
IM_134,79,Y,0|2,,,,,flat profile,Y,,0|2,7565097,,,NA,,archival,,NA,NA,N
IM_135,79,Y,0|1,,,,,,,,1|1,7565097,,,2,,archival,,0.177262866,0.228619171,Y
IM_136,79,Y,0|3,,,,,,,,0|2,12000000,,BRTITROC_TMA1,1,,archival,,0.320951198,0.305969671,Y
JBLAB-4194,79,Y,0|3,,,,,,,,0|3,7565097,,,1,,relapse,0|5,0.26712164,0.440850425,N
IM_203,80,Y,2|1,,,,,flat profile,Y,,2|1,7565097,,BRTITROC_TMA1,NA,,archival,,NA,NA,N
IM_324,81,Y,0|2,,,,,flat profile,Y,,0|2,7565097,,BRTITROC_TMA2,NA,,archival,,NA,NA,N
JBLAB-4195,81,Y,0|1,,,,,,,,0|1,7565097,,,3,,relapse,0|2,0.12184701,0.859982125,N
JBLAB-4196,81,Y,0|1,,,,,,,,0|1,7565097,,,3,,relapse,0|2,0.133099566,0.784580472,N
IM_138,82,Y,0|2,,,,,hard to fit,,,0|4,7565097,,BRTITROC_TMA1,3,Y,archival,,0.129165706,0.713925926,Y
JBLAB-4197,82,Y,0|3,,,,Y,hard to fit,,,0|2,52000000,,,3,,relapse,,0.221612934,0.571488778,Y
IM_188,83,Y,0|3,,,,,hard to fit,,,0|4,7565097,Y,BRTITROC_TMA1,1,,archival,,0.273215241,0.516747573,Y
IM_189,83,Y,0|4,,,,,hard to fit,,no change,0|4,7565097,,BRTITROC_TMA1,1,,archival,0|2,0.484166054,0.474735017,N
JBLAB-4198,83,Y,0|3,,,,,,,,0|5,7565097,Y,,1,,relapse,0|5,0.275385072,0.46434915,Y
IM_174,84,Y,0|2,,,,,,,,0|2,7565097,Y,BRTITROC_TMA1,3,,archival,,0.186877098,0.564601064,N
JBLAB-4199,84,Y,0|2,,,,,,,,0|2,7565097,Y,,3,,relapse,0|2,0.130694108,0.841743126,N
IM_201,85,Y,0|3,,,Y,,,,,0|3,45000000,Y,,2,,archival,,0.245699623,0.994107432,Y
JBLAB-4200,85,Y,0|3,,,,,,,,0|3,45000000,Y,,3,,relapse,0|2,0.154664009,0.847584237,Y
IM_191,86,Y,2|1,,,,,,Y,,2|1,7565097,,BRTITROC_TMA1,1,,archival,,NA,NA,N
IM_192,86,Y,0|8,Y,,,,,Y,,1|2,12500000,N,BRTITROC_TMA1,1,,archival,,NA,NA,Y
JBLAB-4202,86,Y,0|8,Y,,,Y,,Y,,0|2,7565097,N,,1,,relapse,,NA,NA,Y
IM_139,87,Y,0|2,,,,,flat profile,Y,,0|2,7565097,,BRTITROC_TMA1,NA,,archival,,NA,NA,N
JBLAB-4203,87,Y,0|2,,,,,,,,1|2,75000000,,,2,,relapse,0|2,0.240007169,0.385588235,Y
IM_314,88,Y,0|2,,,,,hard to fit,,,1|2,7565097,Y,,2,Y,archival,,0.157636902,0.436295918,Y
JBLAB-4204,88,Y,0|3,,,,,hard to fit,,,1|2,50000000,Y,,3,Y,relapse,,0.215040854,0.306805882,Y
JBLAB-4205,88,Y,0|4,,,,,hard to fit,,,1|2,50000000,,,2,Y,relapse,,0.257774455,0.319852645,Y
IM_140,89,Y,0|3,,,,,flat profile,,,0|3,9470000,N,BRTITROC_TMA1,1,,archival,,0.213425185,0.51304262,Y
JBLAB-4206,89,Y,0|2,,,,Y,,,,1|1,7565097,,,2,,relapse,,0.159239372,0.28947505,Y
IM_142,90,Y,0|2,,,Y,,flat profile,Y,,1|1,7565097,,BRTITROC_TMA1,1,,archival,,NA,NA,Y
JBLAB-4207,90,Y,0|2,Y,,,,,Y,,0|2,7565097,,,1,,relapse,,NA,NA,N
JBLAB-4208,91,Y,0|1,,,,,,,,0|1,7565097,,,3,,relapse,0|1,0.237536114,0.490643275,N
JBLAB-4294,91,Y,0|2,Y,,,,,Y,,0|2,7565097,,,NA,,relapse,,NA,NA,N
JBLAB-4295,91,Y,0|1,,,,,,,,0|1,7565097,,,3,,relapse,,0.161718122,0.434950292,N
IM_143,92,Y,0|5,,,,Y,,,,0|3,52000000,,,3,,archival,,0.106403313,0.968021998,Y
IM_325,92,Y,0|3,,,,,,,,0|3,50000000,,BRTITROC_TMA2,2,,archival,,0.130986199,0.592473065,Y
IM_175,93,N,,,,,Y,recover,,,,NA,,,NA,,archival,,NA,NA,NA
IM_176,93,N,,,,,Y,recover,,,,NA,,,1,,archival,,NA,NA,NA
IM_177,93,N,,,,,Y,recover,,,,NA,,,NA,,archival,,NA,NA,NA
IM_178,93,N,,,,,Y,recover,,,,NA,,,NA,,archival,,NA,NA,NA
IM_226,93,N,,,,,,recover,,,,NA,,,NA,,archival,,NA,NA,NA
IM_227,93,N,,,,,,recover,,,,NA,,,NA,,archival,,NA,NA,NA
JBLAB-4210,93,N,,,,,,,Y,,,NA,,,NA,,relapse,,NA,NA,NA
IM_311,94,Y,0|2,,,,,,,,0|2,7565097,Y,BRTITROC_TMA2,3,,archival,,0.145688517,0.630511728,N
IM_312,94,Y,0|2,,,,,,,,0|2,7565097,,BRTITROC_TMA2,3,,archival,,0.156458066,0.556020973,N
JBLAB-4211,94,Y,0|2,,,,,,,,0|2,7565097,,,3,,relapse,0|2,0.194072117,0.587548638,N
JBLAB-4263,94,Y,0|3,,,,,,,,0|2,40000000,,,3,,relapse,0|2,0.15343235,0.616629285,Y
JBLAB-4264,94,Y,0|4,,,,,,,,0|2,12000000,Y,,3,,relapse,0|2,0.139562646,0.782811761,Y
JBLAB-4265,94,Y,0|3,,,,,,,,0|2,20000000,,,3,,relapse,0|2,0.170810588,0.650448436,Y
IM_145,95,Y,0|6,,,,Y,,,,0|2,12000000,Y,,3,,archival,0|4,0.158683852,0.727874878,Y
JBLAB-4212,95,Y,0|6,,,,,,,,0|6,7565097,Y,,3,,relapse,0|5,0.15863953,0.75,N
IM_146,96,Y,0|6,,,,,,,,0|3,60000000,Y,BRTITROC_TMA1,2,,archival,0|2,0.216385267,0.823512626,Y
JBLAB-4213,96,Y,0|2,,,,,,,,0|2,7565097,Y,,3,,relapse,0|2,0.108283554,0.835703716,N
IM_147,97,N,,,,,Y,,,,,NA,,,NA,,archival,,NA,NA,NA
JBLAB-4216,97,N,,,,,,recover,,,,NA,,,NA,,relapse,,NA,NA,NA
IM_148,98,Y,0|2,,,,,,,,0|2,7565097,,BRTITROC_TMA1,3,,archival,0|2,0.16759888,0.38328841,N
IM_149,99,Y,0|1,,,,,,,,0|1,7565097,Y,BRTITROC_TMA2,3,,archival,0|2,0.115966281,0.674307116,N
JBLAB-4217,99,Y,0|1,,,,,,,,0|1,7565097,Y,,3,,relapse,0|2,0.197631868,0.614180934,N
IM_150,100,Y,0|3,,,,,,,,1|2,80000000,Y,,2,,archival,,0.189266889,0.416102654,Y
IM_230,100,N,,,,,,,Y,,,NA,,,NA,,archival,,NA,NA,NA
JBLAB-4218,100,Y,0|2,,,,,,,,0|2,7565097,Y,,3,,relapse,0|2,0.105334574,0.72308391,N
IM_202,101,Y,0|2,,,,,,,,0|2,7565097,Y,BRTITROC_TMA1,3,,archival,,0.122012094,0.845551724,N
JBLAB-4219,101,Y,0|2,,,,,,,no change,0|2,7565097,Y,,2,,relapse,0|2,0.228740621,0.504346847,N
IM_172,102,Y,0|3,,,,,,,,0|2,7565097,Y,BRTITROC_TMA1,2,,archival,,0.130599162,0.934844175,Y
JBLAB-4220,102,Y,0|3,,,,Y,,,,0|2,7565097,Y,,2,,relapse,,0.147932564,0.512490654,Y
IM_282,103,Y,0|1,,,,,,,,0|1,7565097,Y,,3,,archival,,0.234635429,0.700030488,N
JBLAB-4221,103,Y,0|2,,,,,,,,1|1,55000000,Y,,3,,relapse,0|1,0.182471481,0.38643572,Y
JBLAB-4266,103,Y,0|1,,,,,,,,0|1,7565097,,,1,,relapse,0|1,0.329426289,0.158242,N
IM_152,104,Y,0|7,,,,,,,,0|7,7565097,,BRTITROC_TMA1,3,,archival,1|4,0.180567189,0.637635514,N
IM_211,105,Y,0|1,,,,,,,,0|1,7565097,Y,BRTITROC_TMA1,3,,archival,,0.160533855,0.777967833,N
JBLAB-4222,105,Y,0|3,,,Y,,,,0|4 at 64000000 also  fits ,0|2,64000000,,,2,Y,relapse,0|2,0.240528949,0.576348922,Y
JBLAB-4267,105,Y,0|3,,,Y,Y,,,,0|2,64000000,Y,,2,Y,relapse,0|2,0.298906633,0.581354633,Y
JBLAB-4296,105,N,,,,,,recover,,,,NA,,,NA,,relapse,,NA,NA,NA
IM_326,106,Y,0|2,,,,,,,,0|2,7565097,Y,BRTITROC_TMA2,3,,archival,,0.117983589,0.766199398,N
JBLAB-4223,106,Y,0|2,,,,,,,,0|2,7565097,Y,,3,,relapse,0|2,0.139360261,0.84221875,N
IM_153,107,Y,0|8,,,,Y,,,,0|2,20000000,Y,,3,,archival,0|5,0.129442344,0.8283125,Y
JBLAB-4268,107,Y,0|4,,,,,,,,0|4,7565097,Y,,2,,relapse,0|4,0.254230782,0.62031127,N
JBLAB-4224,108,Y,0|5,,,,,,,,0|2,10000000,,,3,,relapse,0|3,0.203779596,0.549067784,Y
IM_373,109,N,,,,,,recover,,,,NA,,,NA,,archival,,NA,NA,NA
JBLAB-4225,109,Y,0|3,,,,,,,,0|3,7565097,,,2,,relapse,0|3,0.376089113,0.509466496,N
IM_213,110,Y,0|2,Y,,,Y,,Y,,0|2,7565097,N,BRTITROC_TMA1,NA,,archival,,NA,NA,N
JBLAB-4226,110,Y,0|2,,,Y,Y,,,no change,0|2,7565097,N,,2,,relapse,0|2,0.219122558,0.487637931,N
JBLAB-4297,110,N,,,,,Y,recover,,,,NA,,,NA,,relapse,,NA,NA,NA
IM_154,111,Y,0|3,,,,,,,,0|2,10000000,,BRTITROC_TMA1,3,,archival,0|2,0.146917408,0.986672138,Y
JBLAB-4916,111,N,,,,,,,Y,,,NA,,,NA,,relapse,,NA,NA,NA
IM_283,112,Y,0|3,,,,,,,,0|2,7565097,,BRTITROC_TMA2,3,,archival,,0.13791794,0.687497171,Y
IM_284,112,Y,0|3,,,,,,,,0|2,7565097,Y,BRTITROC_TMA2,3,,archival,,0.180449351,0.861509378,Y
IM_285,112,Y,0|3,,,,,,,,0|2,7565097,,BRTITROC_TMA2,3,,archival,,0.134255275,0.782241105,Y
IM_286,112,Y,0|3,,,,,,,,0|2,7565097,,BRTITROC_TMA2,3,,archival,,0.13195773,0.622878157,Y
IM_287,112,Y,3|1,Y,,,Y,,Y,,3|1,7565097,,,NA,,archival,,NA,NA,N
JBLAB-4227,112,Y,0|3,,,Y,,,Y,,0|3,7565097,,,1,,relapse,,NA,NA,N
JBLAB-4298,112,Y,0|2,,,,,,,,0|2,7565097,,,2,,relapse,,0.282970867,0.389746509,N
JBLAB-4299,112,Y,0|2,,,,,,,,0|2,7565097,Y,,3,,relapse,,0.162403855,0.626707216,N
JBLAB-4900,112,Y,0|2,,,,,,,,0|2,7565097,,,3,,relapse,,0.195566805,0.566526187,N
JBLAB-4901,112,Y,0|2,,,Y,,,Y,,0|2,7565097,,,NA,,relapse,,NA,NA,N
IM_155,113,Y,0|3,,,,,,,,0|2,15000000,Y,,3,,archival,0|2,0.115672027,0.717154613,Y
JBLAB-4228,113,Y,0|3,,,,,,,,0|2,15000000,Y,,3,,relapse,0|2,0.249320935,0.538588832,Y
IM_186,114,Y,0|2,,,,,,,,0|2,7565097,,BRTITROC_TMA1,3,,archival,0|2,0.112678726,0.715781421,N
IM_187,114,Y,0|2,,,,,,,,0|2,7565097,Y,BRTITROC_TMA1,3,,archival,,0.097778856,0.760194823,N
JBLAB-4229,114,Y,0|2,,,,,,,,0|2,7565097,Y,,3,,relapse,0|2,0.174174472,0.776981908,N
JBLAB-4269,114,Y,0|2,,,,,,,,0|2,7565097,,,2,,relapse,0|2,0.22986232,0.458911669,N
IM_180,115,Y,0|2,,,,,,,,0|2,7565097,,BRTITROC_TMA2,3,,archival,0|2,0.189609355,0.964444444,N
IM_181,115,Y,0|7,,,,Y,,,,0|2,7565097,,,3,,archival,,0.138329007,0.956485356,Y
IM_182,115,Y,0|2,,,,,,,,0|2,7565097,,BRTITROC_TMA2,3,,archival,0|2,0.179953676,0.876717073,N
IM_183,115,Y,0|3,,,,Y,,,,0|2,7565097,,BRTITROC_TMA2,3,,archival,,0.201032758,0.510941176,Y
IM_228,115,Y,0|4,,,,Y,,,,0|2,7565097,,,2,,archival,,0.260024998,0.351243632,Y
IM_229,115,Y,0|3,,,,Y,,,,0|2,7565097,,,3,,archival,,0.133716386,0.966018391,Y
IM_328,116,Y,0|2,,,,,,,no change,0|2,7565097,,BRTITROC_TMA2,3,,archival,,0.194373511,0.36125563,N
JBLAB-4230,116,Y,0|3,,,Y,,,,,0|3,7565097,N,,2,,relapse,0|4,0.306579505,0.502457875,N
IM_327,117,Y,0|2,Y,,,,hard to fit,,,1|1,7565097,N,BRTITROC_TMA2,2,,archival,,0.206749886,0.182263706,Y
JBLAB-4231,117,Y,0|2,,,Y,,,,no change,0|2,7565097,,,1,,relapse,,0.365451878,0.35814,N
JBLAB-4968,117,Y,0|2,,,,,,,no change,0|2,7565097,,,3,,relapse,,0.349357365,0.290988024,N
IM_158,118,Y,0|3,,,,,,,,0|3,7565097,,BRTITROC_TMA2,3,,archival,0|3,0.178032351,0.731175021,N
JBLAB-4243,118,Y,0|2,,,Y,,,Y,,0|2,7565097,,,1,,relapse,,NA,NA,N
IM_249,119,N,,,,,,,Y,,,NA,,,NA,,archival,,NA,NA,NA
JBLAB-4232,119,Y,0|1,,,,,,,,2|1,34000000,,,3,,relapse,,0.258665995,0.180720753,Y
IM_250,120,N,,,,,,,Y,,,NA,,,NA,,archival,,NA,NA,NA
IM_378,120,Y,0|2,Y,,,,hard to fit,Y,,0|1,18000000,N,,1,,archival,,0.334576951,0.098783539,Y
JBLAB-4287,120,Y,0|3,,,,,,,,0|2,13000000,,,3,,relapse,,0.107360903,0.672745297,Y
JBLAB-4902,121,Y,0|2,,,,,,,,0|2,7565097,,,2,,relapse,,0.226657277,0.296753605,N
IM_377,122,N,,,,,,,Y,,,NA,,,NA,,archival,,NA,NA,NA
JBLAB-4244,122,N,,,,,,recover,,,,NA,,,NA,,relapse,,NA,NA,NA
IM_204,123,Y,0|3,,,,,,,,0|2,7565097,Y,BRTITROC_TMA2,3,,archival,,0.155025147,0.732976456,Y
JBLAB-4234,123,Y,0|2,,,,,,,,1|2,62000000,Y,,2,Y,relapse,0|2,0.250889854,0.405233495,Y
IM_214,124,Y,0|1,,,,Y,,,,0|1,7565097,Y,BRTITROC_TMA2,3,,archival,,0.106954685,0.809888889,N
JBLAB-4245,124,Y,0|1,,,,Y,,,,0|1,7565097,Y,,3,,relapse,0|1,0.119104733,0.732,N
IM_246,125,Y,0|2,,,Y,,,Y,,0|2,7565097,,BRTITROC_TMA2,NA,,archival,,NA,NA,N
IM_247,125,Y,0|2,Y,,,,,Y,,0|2,7565097,,BRTITROC_TMA2,NA,,archival,,NA,NA,N
IM_248,125,Y,0|2,Y,,,,,Y,,0|2,7565097,,BRTITROC_TMA2,NA,,archival,,NA,NA,N
IM_159,126,Y,0|1,,,,,,,,0|1,7565097,,BRTITROC_TMA2,3,,archival,0|1,0.255298381,0.720678353,N
JBLAB-4246,127,Y,0|2,,,,,,,,0|2,7565097,,,3,,relapse,0|2,0.194243013,0.768,N
IM_205,128,Y,0|2,,,,,,,,0|2,7565097,,BRTITROC_TMA2,3,,archival,,0.157558871,0.781594903,N
JBLAB-4248,129,Y,0|3,,,Y,,,,,0|2,7565097,,,2,,relapse,0|4,0.291926133,0.553326816,Y
IM_160,130,Y,0|2,,,,,,,,0|2,7565097,Y,BRTITROC_TMA2,3,,archival,0|2,0.209467414,0.811998591,N
JBLAB-4249,130,Y,0|8,,,,,,,,0|2,14000000,Y,,3,,relapse,0|4,0.127639449,0.735443299,Y
JBLAB-4250,130,Y,0|3,,,Y,,,,,0|3,7565097,,,2,,relapse,0|3,0.364948231,0.564,N
JBLAB-4251,131,Y,0|2,,,,,,,,0|2,7565097,,,3,,relapse,0|2,0.128237106,0.780591103,N
IM_252,132,Y,0|1,,,,,,,,0|1,7565097,Y,BRTITROC_TMA2,3,,archival,,0.10688781,0.8826512,N
JBLAB-19310,132,Y,0|1,,,,,,,no change,0|1,7565097,,,1,,relapse,,0.390769291,0.198627395,N
JBLAB-4252,132,Y,0|1,,,,,,,,0|1,7565097,,,2,,relapse,0|2,0.350968635,0.475014157,N
JBLAB-4903,132,Y,0|1,,,,,,,,0|1,7565097,Y,,3,,relapse,,0.138013533,0.485964513,N
IM_375,133,Y,1|2,,,,,,,,0|3,10800000,Y,,3,,archival,,0.139682711,0.461395706,Y
JBLAB-4253,133,Y,0|3,,,,,,,,0|3,7565097,Y,,3,,relapse,0|3,0.126064107,0.679190261,N
JBLAB-4254,134,Y,0|2,,,,,,,,0|2,7565097,,,3,,relapse,0|2,0.198766714,0.740512397,N
IM_193,135,Y,0|4,,,,Y,,,,0|2,7565097,,,3,Y,archival,0|2,0.119550218,0.675665657,Y
IM_194,135,Y,0|2,,,,,,,,0|2,7565097,,BRTITROC_TMA2,3,,archival,0|2,0.230213064,0.458663426,N
JBLAB-4255,135,Y,0|2,,,Y,,,,,0|2,7565097,N,,1,,relapse,0|2,0.41454168,0.351861831,N
IM_195,136,Y,0|3,,,,,,,,0|4,7565097,,BRTITROC_TMA2,3,,archival,0|4,0.107020329,0.918255299,Y
IM_206,137,Y,0|3,,,,,,,,0|4,7565097,Y,BRTITROC_TMA2,2,,archival,,0.194699733,0.560493976,Y
JBLAB-4257,137,Y,0|2,,,Y,,,,,0|4,73000000,,,1,,relapse,0|2,0.374838065,0.625070934,Y
JBLAB-4258,137,Y,0|2,,,,,,,,0|4,73000000,Y,,2,,relapse,0|2,0.213010255,0.581002829,Y
IM_207,138,Y,0|1,,,,,,,,0|1,7565097,Y,BRTITROC_TMA2,3,,archival,,0.124836431,0.686471135,N
JBLAB-4259,138,Y,0|1,,,,,,,,0|1,7565097,Y,,2,,relapse,0|1,0.324241673,0.173444182,N
IM_196,139,Y,0|2,,,,,,,,0|2,7565097,Y,,3,,archival,0|2,0.171967638,0.620562771,N
JBLAB-4260,139,Y,0|3,,,,,,,,0|2,7565097,Y,,3,,relapse,0|2,0.139278646,0.676247664,Y
JBLAB-4918,139,Y,0|2,,,,,,,,0|2,7565097,,,3,,relapse,,0.189643204,0.651173642,N
IM_165,140,N,,,,,,recover,,,,NA,,,NA,,archival,,NA,NA,NA
JBLAB-4261,140,N,,,,,,,Y,,,NA,,,NA,,relapse,,NA,NA,NA
IM_166,141,Y,0|2,,,Y,,,Y,,0|2,7565097,,BRTITROC_TMA2,1,,archival,,NA,NA,N
IM_167,141,Y,0|2,Y,,,,,Y,,0|2,7565097,,BRTITROC_TMA2,1,,archival,,0.478264183,0.194887221,N
IM_168,141,Y,1|2,,,,,,,,0|2,7565097,,BRTITROC_TMA2,3,,archival,,0.230146373,0.387,Y
IM_169,141,Y,0|3,,,,,,,,0|2,7565097,,,3,,archival,0|2,0.131379329,0.80836211,Y
IM_170,141,Y,0|7,,,,Y,,,,0|2,7565097,,,3,,archival,0|2,0.132201932,0.818119639,Y
IM_171,141,Y,0|6,,,,Y,,,,0|2,7565097,,,3,,archival,0|2,0.154936315,0.757036782,Y
IM_231,141,Y,1|2,,,,,,,,0|2,7565097,,,2,,archival,,0.310397172,0.341400491,Y
IM_253,142,Y,0|5,,,,Y,,,,0|2,7565097,,,3,,archival,,0.153075714,0.559151321,Y
IM_215,143,Y,0|2,Y,,,,hard to fit,,,1|2,30000000,Y,BRTITROC_TMA2,2,,archival,,0.230679906,0.309647846,Y
JBLAB-4270,143,Y,0|3,,,Y,,,,,0|2,7565097,Y,,3,,relapse,0|3,0.204476334,0.577052174,Y
IM_234,144,N,,,,,,,Y,possibly low-grade,,NA,,,NA,,archival,,NA,NA,NA
IM_235,144,N,,,,,,,Y,possibly low-grade,,NA,,,NA,,archival,,NA,NA,NA
IM_236,144,N,,,,,,,Y,possibly low-grade,,NA,,,NA,,archival,,NA,NA,NA
IM_237,144,N,,,,,,,Y,possibly low-grade,,NA,,,NA,,archival,,NA,NA,NA
JBLAB-4271,144,N,,,,,,,Y,,,NA,,,NA,,relapse,,NA,NA,NA
IM_208,145,Y,0|5,,,,,,,,0|2,23000000,,BRTITROC_TMA2,3,,archival,,0.098156521,0.847,Y
IM_254,146,N,,,,,,recover,,,,NA,,,NA,,archival,,NA,NA,NA
IM_255,146,Y,0|2,,,,Y,,,,0|2,7565097,,BRTITROC_TMA2,3,,archival,,0.119823785,0.73360223,N
IM_256,146,Y,0|2,,,,,,,,0|2,7565097,,BRTITROC_TMA2,3,,archival,,0.135270139,0.799245902,N
IM_257,146,Y,0|2,,,,Y,,,,0|2,7565097,,BRTITROC_TMA2,3,,archival,,0.115199405,0.75501145,N
IM_258,146,Y,0|2,,,,Y,,,,0|2,7565097,,BRTITROC_TMA2,3,,archival,,0.14988479,0.764133028,N
IM_259,146,Y,0|3,,,,Y,,,,0|2,7565097,,BRTITROC_TMA2,3,,archival,,0.09535089,0.88802509,Y
JBLAB-4273,146,Y,0|2,,,,,,,,0|2,7565097,N,,1,,relapse,,0.42486403,0.170480535,N
IM_197,147,Y,0|2,,,,Y,,Y,,0|2,7565097,,,NA,,archival,,0.553246561,0.1107827,N
IM_198,147,Y,0|2,,,,,,,,0|2,7565097,,BRTITROC_TMA2,3,,archival,0|2,0.336174738,0.411878252,N
IM_199,147,Y,0|3,,,,,,,,0|2,7565097,Y,BRTITROC_TMA2,3,,archival,0|2,0.273699618,0.544522648,Y
IM_232,147,Y,0|2,,,,,,Y,,0|1,7565097,,,NA,,archival,,1.055539621,0.111673235,Y
JBLAB-4274,147,Y,0|2,,,,,,,,0|2,7565097,Y,,3,,relapse,0|2,0.180741419,0.539476549,N
IM_300,148,N,,,,,,recover,,,,NA,,,NA,,archival,,NA,NA,NA
JBLAB-4275,148,Y,0|2,,,,,,,,0|2,7565097,,,3,,relapse,0|2,0.143521751,0.773427586,N
JBLAB-4276,149,Y,0|2,,,,,,,,0|2,7565097,,,3,,relapse,0|2,0.256978543,0.417774687,N
IM_241,150,Y,0|2,,,,,,Y,,0|2,7565097,,BRTITROC_TMA2,NA,,archival,,NA,NA,N
IM_242,150,Y,0|2,,,,,,Y,,0|2,7565097,,BRTITROC_TMA2,NA,,archival,,NA,NA,N
JBLAB-4277,150,Y,0|2,,,,Y,,,,0|2,7565097,,,3,,relapse,0|2,0.183244976,0.799817916,N
JBLAB-4278,150,Y,0|2,,,,Y,,,,0|2,7565097,,,3,,relapse,0|2,0.201727325,0.762071066,N
IM_233,151,Y,0|2,,,,Y,,,,0|2,7565097,Y,,2,,archival,,0.31159016,0.210743255,N
JBLAB-4279,151,Y,0|2,,,,,,,,0|2,7565097,Y,,3,,relapse,0|2,0.232878828,0.58685771,N
IM_209,152,Y,0|4,,,,,,,,0|3,7565097,Y,,3,,archival,,0.204760618,0.542,Y
IM_216,152,Y,0|3,,,,,,Y,,0|3,7565097,,BRTITROC_TMA2,NA,,archival,,NA,NA,N
JBLAB-4280,152,Y,0|3,,,,,,,,0|3,7565097,Y,,3,,relapse,0|3,0.1793983,0.701499205,N
JBLAB-4904,152,N,,,,,,recover,,,,NA,,,NA,,relapse,,NA,NA,NA
IM_218,153,Y,0|2,,,,,,,,0|2,7565097,,BRTITROC_TMA2,3,,archival,,0.165411791,0.424140595,N
IM_219,154,N,,,,,,recover,,,,NA,,,NA,,archival,,NA,NA,NA
IM_220,156,Y,0|2,,,,,,,,0|2,7565097,,BRTITROC_TMA2,3,,archival,,0.193579902,0.540866667,N
JBLAB-4281,156,Y,0|2,,,,,,,,0|2,7565097,N,,1,,relapse,,0.441431547,0.281,N
IM_260,157,N,,,,,,recover,,,,NA,,,NA,,archival,,NA,NA,NA
IM_416,157,Y,0|2,Y,,,,,Y,,0|2,7565097,,,NA,,archival,,NA,NA,N
IM_417,157,Y,0|2,Y,,,,,Y,,0|2,7565097,,BRTITROC_TMA3,NA,,archival,,NA,NA,N
IM_418,157,Y,0|2,Y,,,,,Y,,0|2,7565097,,,NA,,archival,,NA,NA,N
IM_419,157,Y,0|2,Y,,,,,Y,,0|2,7565097,,BRTITROC_TMA3,NA,,archival,,NA,NA,N
IM_420,157,N,,,,,,,Y,,,NA,,,NA,,archival,,NA,NA,NA
JBLAB-4282,157,Y,0|1,,,,,,,,0|1,7565097,,,3,,relapse,0|1,0.135610103,0.840407407,N
IM_276,159,Y,0|2,,,,,,,,0|2,7565097,N,BRTITROC_TMA2,2,,archival,,0.314083803,0.211458167,N
JBLAB-4908,159,Y,0|2,,,,,,,,0|2,7565097,,,3,,relapse,,0.143799296,0.635125261,N
IM_221,160,Y,0|2,Y,,,,,Y,,0|2,7565097,N,BRTITROC_TMA2,NA,,archival,,0.472034303,0.17352459,N
JBLAB-4909,160,Y,0|4,,,,Y,,,,0|3,7565097,,,3,,relapse,,0.178853428,0.536784137,Y
IM_352,161,Y,0|3,,,,,,,no change,0|3,7565097,,,3,,archival,,0.101624561,0.696027512,N
IM_353,161,Y,0|4,,,,,,,,0|4,16000000,,,3,,archival,,0.099702458,0.785436625,Y
IM_354,161,Y,0|5,,,,,,,,0|3,7565097,,,3,,archival,,0.112429232,0.78610909,Y
IM_355,161,Y,0|2,,,,,,,,0|3,18000000,,,2,,archival,,0.25886038,0.289952256,Y
JBLAB-4910,161,Y,0|2,Y,,,,,Y,,0|2,7565097,,,NA,,relapse,,NA,NA,N
IM_222,162,Y,0|1,,,,,,,,0|1,7565097,,BRTITROC_TMA2,3,,archival,,0.173254305,0.533218182,N
IM_223,162,Y,0|3,,,Y,,,,,0|1,7565097,,BRTITROC_TMA2,3,Y,archival,,0.217520973,0.487722488,Y
IM_261,163,Y,0|1,,,,,,Y,,0|1,7565097,,,NA,,archival,,NA,NA,N
JBLAB-4912,163,Y,0|2,,,,,,,no change,0|2,7565097,,,3,,relapse,,0.18787596,0.381206238,N
IM_262,164,N,,,,,,recover,,,,NA,,,NA,,archival,,NA,NA,NA
JBLAB-4919,164,Y,0|3,,,,Y,,,,0|2,7565097,,,3,,relapse,,0.110544154,0.863459366,Y
IM_263,165,Y,0|2,,,,,,,,0|2,7565097,Y,BRTITROC_TMA2,3,,archival,,0.176996358,0.508821215,N
JBLAB-4913,165,Y,0|4,,,,,,,,0|2,27000000,Y,,3,Y,relapse,,0.131515967,0.685438207,Y
JBLAB-4914,165,Y,0|6,,,,,,,,0|2,52000000,,,3,,relapse,,0.119030658,0.674284698,Y
IM_210,166,N,,,,,,recover,,,,NA,,,NA,,archival,,NA,NA,NA
JBLAB-4915,166,Y,0|3,,,,,,,,0|3,7565097,,,3,,relapse,,0.128028852,0.653795994,N
IM_264,167,Y,0|2,Y,,,,,Y,,0|2,7565097,,BRTITROC_TMA2,NA,,archival,,NA,NA,N
JBLAB-4920,167,Y,0|2,,,,,,,,0|2,7565097,,,3,,relapse,,0.101247522,0.804231173,N
IM_266,169,Y,0|3,,,,Y,,,,0|2,7565097,Y,BRTITROC_TMA2,2,,archival,,0.272736065,0.306211618,Y
JBLAB-4921,169,Y,0|2,,,,,,,,0|4,7565097,Y,,3,,relapse,,0.151515469,0.779648352,Y
IM_243,170,Y,0|1,,,,,,,,0|1,7565097,,,3,,archival,,0.193697451,0.277743316,N
IM_244,170,Y,0|1,,,,,,,,0|1,7565097,,BRTITROC_TMA2,3,,archival,,0.303253022,0.166600355,N
IM_245,170,Y,0|1,,,,,,,,0|1,7565097,,,3,,archival,,0.287581684,0.190886323,N
JBLAB-4922,170,N,,,,,,,Y,,,NA,,,NA,,relapse,,NA,NA,NA
IM_267,171,Y,3|1,Y,,,,,Y,,3|1,7565097,,BRTITROC_TMA2,NA,,archival,,NA,NA,N
IM_268,171,Y,3|1,Y,,,,,Y,,3|1,7565097,,BRTITROC_TMA2,NA,,archival,,NA,NA,N
JBLAB-4923,171,N,,,,,,recover,,,,NA,,,NA,,relapse,,NA,NA,NA
IM_238,172,Y,0|2,,,Y,,,,,1|1,7565097,,BRTITROC_TMA2,3,,archival,,0.163285736,0.379033898,Y
IM_239,172,Y,0|2,,,,,,,,1|1,7565097,,,3,,archival,,0.147069202,0.282321429,Y
IM_240,172,Y,0|1,,,,,,,,1|1,7565097,,,3,,archival,,0.135220665,0.306854406,Y
IM_269,172,Y,0|1,,,,,,,,1|1,7565097,Y,BRTITROC_TMA2,3,,archival,,0.089106249,0.514364486,Y
JBLAB-4924,172,Y,0|1,,,,,,,,1|1,7565097,Y,,2,,relapse,,0.224379715,0.177559551,Y
IM_306,173,Y,0|1,,,,,,,,0|1,7565097,,,3,Y,archival,,0.140919794,0.709403509,N
IM_271,174,Y,0|2,,,Y,,,,,0|2,7565097,,BRTITROC_TMA2,2,,archival,,0.304918935,0.420556054,N
IM_329,175,Y,0|2,,,,,,,,0|2,7565097,,BRTITROC_TMA2,3,,archival,,0.125753089,0.687489132,N
IM_303,176,N,,,,,,,Y,,,NA,,,NA,,archival,,NA,NA,NA
IM_304,176,Y,0|2,,,,,flat profile,Y,,0|2,7565097,,BRTITROC_TMA2,NA,,archival,,NA,NA,N
IM_305,176,Y,0|2,,,,,flat profile,Y,,0|2,7565097,,,NA,,archival,,NA,NA,N
JBLAB-4927,176,Y,0|1,,,,,,,,0|1,7565097,,,3,,relapse,,0.179899775,0.504947262,N
JBLAB-4928,177,Y,0|1,,,,,,,,0|1,7565097,,,3,,relapse,,0.130620763,0.99405188,N
JBLAB-4929,177,Y,0|1,,,,,,,,0|1,7565097,,,3,,relapse,,0.128184167,0.991420547,N
IM_288,178,Y,0|4,,,,Y,,,,0|2,7565097,,BRTITROC_TMA2,3,,archival,,0.162181217,0.526094311,Y
IM_272,179,Y,0|1,Y,,,,,,,1|1,7565097,N,BRTITROC_TMA2,2,,archival,,0.324670856,0.183433333,Y
JBLAB-4931,179,Y,0|2,,,,,hard to fit,,,0|3,50000000,,,2,,relapse,,0.328907876,0.308570263,Y
IM_370,180,Y,0|2,,,,,,,no change,0|2,7565097,Y,,3,,archival,,0.245473963,0.297349222,N
JBLAB-4932,180,Y,0|2,,,,,,,,0|2,7565097,Y,,3,,relapse,,0.15450711,0.584095295,N
JBLAB-4933,181,Y,0|2,,,,,,,,0|2,7565097,,,3,,relapse,,0.224901862,0.454739619,N
IM_270,182,Y,0|5,,,,,,,no change,0|5,7565097,,BRTITROC_TMA2,3,,archival,,0.120329474,0.861848369,N
IM_289,183,Y,0|2,,,,,,,,0|2,7565097,,,3,,archival,,0.238229873,0.449150538,N
IM_290,183,N,,,,,,,Y,,,NA,,,NA,,archival,,NA,NA,NA
JBLAB-4935,183,Y,0|2,Y,,,,,Y,,0|2,7565097,,,NA,,relapse,,NA,NA,N
JBLAB-4936,184,Y,0|1,,,,,,,,0|1,7565097,,,3,,relapse,,0.191837584,0.489883573,N
IM_357,185,Y,0|1,,,,,,,,0|2,7565097,,,3,,archival,,0.112954396,0.773017824,Y
IM_358,185,Y,0|1,,,,,,,,0|2,7565097,,,3,,archival,,0.133302573,0.651210493,Y
IM_279,186,Y,0|2,Y,,,,,Y,,0|2,7565097,,,NA,,archival,,NA,NA,N
JBLAB-4938,186,Y,0|6,,,,,,,no change,0|6,7565097,,,3,,relapse,,0.119635545,0.883738309,N
IM_277,187,Y,0|2,,,,,,,,0|1,12000000,Y,BRTITROC_TMA2,2,,archival,,0.212204288,0.27762963,Y
JBLAB-4939,187,Y,0|1,,,,,,,,0|1,7565097,Y,,3,,relapse,,0.12375682,0.691526857,N
JBLAB-4940,188,Y,0|6,,,,,,,,0|4,11000000,,,3,,relapse,,0.176000539,0.865419383,Y
JBLAB-4941,188,Y,0|8,,,,,,,,0|4,11000000,,,3,,relapse,,0.180439767,0.799015638,Y
JBLAB-4943,189,Y,0|2,,,,,,,,0|4,7565097,,,2,,relapse,,0.300909726,0.382706647,Y
IM_275,190,Y,1|2,Y,,,,,Y,,1|2,7565097,,BRTITROC_TMA2,NA,,archival,,NA,NA,N
IM_280,191,N,,,,,,recover,,,,NA,,,NA,,archival,,NA,NA,NA
JBLAB-4944,191,N,,,,,,recover,,,,NA,,,NA,,relapse,,NA,NA,NA
IM_360,192,Y,0|3,,,,Y,,,,0|1,7565097,Y,,3,,archival,,0.15836841,0.609956651,Y
JBLAB-4945,192,Y,0|1,,,,,,,,0|1,7565097,Y,,3,,relapse,,0.136912404,0.63484624,N
IM_361,194,Y,0|1,,,,,,,,0|1,7565097,,,3,,archival,,0.113450232,0.613523391,N
JBLAB-4947,194,Y,0|1,,,,,,,,1|1,60000000,N,,2,,relapse,,0.359416117,0.182113502,Y
IM_318,195,Y,0|5,,,Y,,,,no change,0|5,7565097,,BRTITROC_TMA2,3,,archival,,0.185256012,0.760068702,N
IM_391,195,Y,0|4,,,,,,,,0|4,1900000,,,3,,archival,,0.187171798,0.650789898,Y
IM_293,196,N,,,,,Y,recover,,,,NA,,,NA,,archival,,NA,NA,NA
IM_294,196,Y,0|4,,,,,,,no change,0|4,7565097,,BRTITROC_TMA2,3,,archival,,0.24349515,0.545046729,N
IM_307,197,N,,,,,,,Y,,,NA,,,NA,,archival,,NA,NA,NA
IM_308,197,N,,,,,,,Y,,,NA,,,NA,,archival,,NA,NA,NA
IM_309,197,N,,,,,,,Y,,,NA,,,NA,,archival,,NA,NA,NA
JBLAB-4949,197,Y,0|1,,,,,,,,0|2,7565097,,,3,,relapse,,0.195098971,0.222215203,Y
IM_291,198,Y,0|2,,,,,hard to fit,,,1|3,7565097,,BRTITROC_TMA2,1,,archival,,0.354235267,0.256056738,Y
IM_292,198,Y,0|3,,,,,,,,0|3,12000000,Y,BRTITROC_TMA2,3,,archival,,0.154958204,0.5645,Y
JBLAB-4950,198,Y,0|4,,,,,,,,0|3,20000000,Y,,3,,relapse,,0.144589058,0.615082215,Y
IM_319,199,Y,0|1,,,,,,,,0|2,7565097,Y,BRTITROC_TMA2,3,,archival,,0.131474378,0.774416993,Y
JBLAB-4951,199,Y,0|2,,,,,,,,1|1,50000000,Y,,3,,relapse,,0.129624336,0.355813929,Y
IM_320,200,Y,0|3,,,,,,,no change,0|3,7565097,Y,BRTITROC_TMA2,3,,archival,,0.166292258,0.756516409,N
JBLAB-4952,200,Y,0|3,,,,,,,no change,0|3,7565097,Y,,3,,relapse,,0.153406432,0.749124732,N
IM_437,201,Y,0|3,,,,,,,,0|3,7565097,Y,BRTITROC_TMA3,3,,archival,,0.201632638,0.498202213,N
JBLAB-4953,201,Y,0|3,,,,,,,,0|3,7565097,Y,,3,,relapse,,0.154585905,0.650377033,N
IM_374,203,Y,0|6,,,,Y,hard to fit,,,0|3,7565097,Y,,3,Y,archival,,0.207338998,0.561428623,Y
JBLAB-4955,203,Y,0|6,,,,,,,,0|2,32000000,Y,,3,,relapse,,0.137930824,0.638856671,Y
IM_435,204,Y,0|1,,,,,,,,0|1,7565097,Y,BRTITROC_TMA3,3,,archival,,0.159299739,0.687892135,N
JBLAB-4956,204,Y,0|1,,,,,,,,0|1,7565097,Y,,3,,relapse,,0.158213293,0.609287639,N
IM_321,205,Y,0|2,,,,,,,,0|2,7565097,,,3,,archival,,0.129914825,0.854678049,N
JBLAB-4957,205,N,,,,,,recover,,,,NA,,,NA,,relapse,,NA,NA,NA
IM_298,206,Y,0|2,,,,,,,no change,0|2,7565097,Y,,3,,archival,,0.150240251,0.534663018,N
JBLAB-4958,206,Y,0|2,,,,,,,no change,0|2,7565097,Y,,3,,relapse,,0.166021353,0.438678606,N
IM_322,207,Y,0|6,,,,Y,,,,0|2,7565097,,,3,,archival,,0.186820807,0.575917415,Y
JBLAB-4959,208,Y,0|2,Y,,,,,Y,,0|2,7565097,,,NA,,relapse,,NA,NA,N
IM_295,209,Y,0|1,,,,,,,no change,0|1,7565097,Y,BRTITROC_TMA2,3,,archival,,0.14925266,0.360188357,N
JBLAB-4960,209,Y,0|2,,,,,,,,0|2,42000000,Y,,3,,relapse,,0.178937547,0.513895583,Y
IM_392,210,Y,0|2,Y,,,,,Y,,0|2,7565097,,,NA,,archival,,NA,NA,N
JBLAB-4961,211,N,,,,,,recover,,,,NA,,,NA,,relapse,,NA,NA,NA
IM_315,212,Y,0|2,Y,,,,,Y,,0|2,7565097,,BRTITROC_TMA2,NA,,archival,,NA,NA,N
IM_316,212,Y,0|2,Y,,,,,Y,,0|2,7565097,,,NA,,archival,,NA,NA,N
IM_317,212,Y,0|2,Y,,,,,Y,,0|2,7565097,,,NA,,archival,,NA,NA,N
JBLAB-4962,212,Y,0|3,,,,,,,,0|3,7565097,,,3,,relapse,,0.161910477,0.800531427,N
IM_362,214,Y,0|4,,,,,,,,0|6,74000000,,,3,,archival,,0.189778878,0.586813637,Y
IM_331,215,Y,0|1,,,,,,,,0|1,7565097,Y,BRTITROC_TMA2,2,,archival,,0.168837311,0.384885144,N
JBLAB-4964,215,Y,0|1,,,,,,,,0|1,7565097,Y,,3,,relapse,,0.224294911,0.323528415,N
IM_336,216,Y,0|6,,,,,hard to fit,,,0|3,13000000,,BRTITROC_TMA3,2,,archival,,0.121283286,0.878549258,Y
IM_337,216,Y,0|4,,,,,hard to fit,,,0|2,9100000,,BRTITROC_TMA3,3,,archival,,0.13505707,0.831053093,Y
IM_338,216,Y,0|2,,,,,,,no change,0|2,7565097,,BRTITROC_TMA3,3,Y,archival,,0.120829359,0.959807188,N
IM_339,216,Y,0|4,,,,,hard to fit,,,0|2,26000000,,BRTITROC_TMA3,3,Y,archival,,0.125710484,0.826458643,Y
IM_340,216,Y,0|2,,,,,,,,0|2,7565097,,BRTITROC_TMA3,3,,archival,,0.146871024,0.828832176,N
IM_341,216,Y,0|2,,,,,,,,0|2,7565097,Y,BRTITROC_TMA3,1,,archival,,0.162386944,0.901242164,N
IM_342,216,Y,0|3,,,,Y,,,,0|1,8200000,,,2,,archival,,0.166475567,0.495726258,Y
JBLAB-4965,216,Y,0|3,,,,,,,,0|3,7565097,Y,,3,,relapse,,0.097160594,0.904295138,N
IM_369,217,Y,0|2,,,,,,,,0|2,7565097,,BRTITROC_TMA3,3,,archival,,0.227810271,0.547544831,N
IM_332,218,Y,0|3,,,,Y,,,,0|1,7565097,Y,,3,,archival,,0.145434952,0.530229058,Y
JBLAB-4966,218,Y,0|3,,,,Y,,,,0|1,7565097,Y,,3,,relapse,,0.198706041,0.533459577,Y
IM_436,219,Y,0|3,,,,,,,,0|3,7565097,Y,BRTITROC_TMA3,3,,archival,,0.188206006,0.50767924,N
JBLAB-4969,219,Y,0|2,,,,,,,no change,0|2,7565097,Y,,3,,relapse,,0.195698976,0.331737767,N
IM_344,220,Y,0|2,Y,,,,,Y,,0|2,7565097,,BRTITROC_TMA3,NA,,archival,,NA,NA,N
IM_345,220,Y,0|2,Y,,,,,Y,,0|2,7565097,,,NA,,archival,,NA,NA,N
IM_346,220,Y,0|2,,,,,hard to fit,,no change,0|2,7565097,Y,,2,,archival,,0.250489614,0.265023894,N
JBLAB-4970,220,Y,0|2,,,,,,,,0|2,18000000,Y,,3,,relapse,,0.137901904,0.833670062,Y
IM_440,221,Y,0|3,,,,Y,,,redo,0|2,7565097,Y,BRTITROC_TMA3,2,,archival,,0.193400738,0.827582524,Y
JBLAB-4971,221,Y,0|3,,,,,,,,0|3,58000000,Y,,3,,relapse,,0.113777385,0.68746636,Y
JBLAB-4972,222,Y,0|2,,,,,,,,0|2,7565097,,,3,,relapse,,0.164493904,0.450252252,N
JBLAB-4973,223,Y,0|2,,,,,,,,0|2,7565097,,,3,,relapse,,0.136012195,0.595981535,N
IM_348,224,Y,0|1,,,,,,,,0|1,7565097,Y,BRTITROC_TMA3,3,,archival,,0.11828519,0.685044238,N
JBLAB-4974,224,Y,0|2,,,,Y,,,,0|1,7565097,Y,,2,,relapse,,0.245831822,0.513212267,Y
IM_445,225,Y,0|2,,,,,,,,1|1,60000000,Y,,3,,archival,,0.123692047,0.398314124,Y
JBLAB-4975,225,Y,0|1,,,,,,,,0|1,7565097,Y,,3,,relapse,,0.152734656,0.700549104,N
IM_364,226,Y,0|1,,,,,,,,0|1,7565097,Y,BRTITROC_TMA3,3,,archival,,0.115782151,0.7012277,N
JBLAB-4976,226,Y,0|1,,,,,,,,0|1,7565097,Y,,3,,relapse,,0.1645842,0.739504561,N
JBLAB-4977,226,N,,,,,,recover,,,,NA,,,NA,,relapse,,NA,NA,NA
JBLAB-4978,226,Y,0|1,,,,,,,,0|1,7565097,,,3,,relapse,,0.192919466,0.557972918,N
JBLAB-4979,226,Y,0|1,,,,,,,,0|1,7565097,,,3,,relapse,,0.161140586,0.580624879,N
JBLAB-4980,227,N,,,,,,recover,,,,NA,,,NA,,relapse,,NA,NA,NA
IM_421,228,Y,0|2,,,,,,,,1|1,44000000,Y,,2,,archival,,0.23424121,0.301066825,Y
JBLAB-19311,228,Y,0|1,,,,,,,,0|1,7565097,Y,,3,,relapse,,0.145098265,0.674620372,N
IM_422,229,Y,0|4,,,,Y,,,,0|2,7565097,,,3,,archival,,0.11337142,0.661560237,Y
JBLAB-4981,229,Y,0|2,,,,,,,,0|2,7565097,,,3,,relapse,,0.147734774,0.474565909,N
JBLAB-4982,230,Y,0|2,,,,,,,,0|4,7565097,,,3,,relapse,,0.117451881,0.739647954,Y
JBLAB-4983,231,Y,0|2,Y,,,,,Y,,0|2,7565097,,,NA,,relapse,,NA,NA,N
JBLAB-4984,231,Y,0|2,Y,,,,,,,0|1,7565097,,,2,,relapse,,0.33051518,0.16,Y
IM_349,232,Y,0|2,,,,,,,,0|2,7565097,,BRTITROC_TMA3,3,,archival,,0.09520951,0.929622805,N
IM_350,232,Y,0|2,,,,,,,,0|2,7565097,,BRTITROC_TMA3,3,,archival,,0.091520244,0.919530537,N
IM_351,232,Y,0|2,,,,,,,,0|2,7565097,Y,BRTITROC_TMA3,3,,archival,,0.102543812,0.944384325,N
JBLAB-4985,232,Y,0|2,,,,,,,,0|2,7565097,,,3,,relapse,,0.078730125,0.844712769,N
JBLAB-4986,232,Y,0|2,,,,,,,,0|2,7565097,Y,,3,,relapse,,0.103849369,0.858878085,N
JBLAB-4987,232,Y,0|3,,,,,,,,0|2,7565097,,,3,,relapse,,0.11124758,0.813649613,Y
IM_365,233,N,,,,,,recover,,,,NA,,,NA,,archival,,NA,NA,NA
JBLAB-4988,233,Y,0|2,,,,,,,no change,0|2,7565097,,,3,,relapse,,0.206215617,0.345123695,N
IM_399,234,Y,0|2,,,,,,,,0|2,7565097,,BRTITROC_TMA3,2,,archival,,0.165908739,0.467671187,N
IM_400,234,Y,0|3,,,,,,,,0|3,47000000,Y,BRTITROC_TMA3,3,,archival,,0.15047798,0.770144721,Y
IM_401,234,Y,0|2,,,,,,,,0|2,7565097,,BRTITROC_TMA3,3,,archival,,0.122493735,0.742636253,N
IM_402,234,Y,0|2,,,,,,,,0|2,7565097,,BRTITROC_TMA3,3,,archival,,0.1472215,0.721806912,N
JBLAB-4989,234,Y,0|3,,,,,,,,0|3,47000000,Y,,3,,relapse,,0.104610051,0.802,Y
JBLAB-4990,235,Y,0|1,,,,,,,,0|1,7565097,,,3,,relapse,,0.109299632,0.736045936,N
JBLAB-4991,236,Y,0|2,Y,,,,,Y,,0|2,7565097,,,NA,,relapse,,NA,NA,N
IM_367,237,Y,0|3,,,,,,,,0|3,74000000,,BRTITROC_TMA3,2,Y,archival,,0.116197171,0.811203329,Y
IM_432,238,Y,0|1,,,,,,,,1|1,7565097,,BRTITROC_TMA3,3,,archival,,0.100831133,0.572761775,Y
JBLAB-4993,238,N,,,,,,recover,,,,NA,,,NA,,relapse,,NA,NA,NA
JBLAB-4994,239,Y,0|2,,,,,,,,0|2,7565097,,,2,,relapse,,0.273711385,0.413294264,N
IM_449,240,Y,0|7,,,,,,,,0|2,12000000,,,3,,archival,,0.148253904,0.766524422,Y
JBLAB-4995,240,Y,0|2,,,,,,,,1|1,7565097,N,,2,,relapse,,0.228138614,0.24730291,Y
IM_423,241,Y,0|1,,,,,,,,0|1,7565097,Y,BRTITROC_TMA3,3,,archival,,0.14376671,0.550202966,N
JBLAB-4996,241,Y,0|3,,,,,,,,0|2,7565097,Y,,3,,relapse,,0.129361589,0.80688373,Y
IM_431,242,Y,0|2,,,,,,,,0|2,7565097,Y,BRTITROC_TMA3,3,,archival,,0.112597073,0.698062604,N
JBLAB-4997,242,Y,0|3,,,,,,,,0|3,7565097,Y,,3,,relapse,,0.179675693,0.730517374,N
IM_424,243,N,,,,,,,Y,,,NA,,,NA,,archival,,NA,NA,NA
JBLAB-4998,243,Y,0|3,,,,,,,,0|2,7565097,,,3,,relapse,,0.118361198,0.866799121,Y
IM_371,244,Y,0|2,Y,,,,,Y,,0|2,7565097,,BRTITROC_TMA3,NA,,archival,,NA,NA,N
JBLAB-19312,245,Y,0|2,,,,,,,,0|2,7565097,,,3,,relapse,,0.110792345,0.875479423,N
JBLAB-19313,245,Y,0|3,,,,,,,,0|2,7565097,,,3,,relapse,,0.10099424,0.909673825,Y
IM_430,246,Y,0|2,,,,,,,,0|2,7565097,Y,BRTITROC_TMA3,3,,archival,,0.122698395,0.622482556,N
JBLAB-4999,246,Y,1|2,,,,,,,,0|2,7565097,Y,,2,,relapse,,0.183691275,0.637417127,Y
IM_387,247,Y,0|7,,,,,,,,0|3,16000000,,BRTITROC_TMA3,2,,archival,,0.196784357,0.945870102,Y
IM_403,248,Y,0|2,,,,,,,,0|2,7565097,Y,,2,,archival,,0.127475731,0.625294976,N
IM_404,248,Y,0|2,Y,,,,,Y,,0|2,7565097,,BRTITROC_TMA3,NA,,archival,,NA,NA,N
IM_405,248,Y,0|2,Y,,,,,Y,,0|2,7565097,,BRTITROC_TMA3,NA,,archival,,NA,NA,N
IM_406,248,Y,0|2,Y,,,,,Y,,0|2,7565097,,BRTITROC_TMA3,NA,,archival,,NA,NA,N
JBLAB-19302,248,Y,0|2,,,,,,,,0|2,7565097,Y,,3,,relapse,,0.179254855,0.463,N
JBLAB-19303,248,Y,0|4,,,,Y,,,,0|2,7565097,,,2,,relapse,,0.196148756,0.432963549,Y
IM_425,249,Y,1|1,,,,,,,,0|1,7565097,Y,BRTITROC_TMA3,3,,archival,,0.25130862,0.256485078,Y
JBLAB-19304,249,Y,0|1,,,,,,,,0|1,7565097,Y,,3,,relapse,,0.185871848,0.349,N
IM_372,250,Y,0|2,,,,,,,,0|3,55000000,Y,BRTITROC_TMA3,3,,archival,,0.16577467,0.57254594,Y
JBLAB-19305,250,Y,0|2,,,,,,,,0|2,7565097,Y,,3,,relapse,,0.133177829,0.6198236,N
JBLAB-19306,251,Y,0|2,,Y,,,,,,0|2,7565097,,,2,,relapse,,0.246474914,0.30586889,N
IM_388,252,Y,0|3,,,,,,,,0|1,7565097,,BRTITROC_TMA3,3,,archival,,0.164595773,0.539829469,Y
IM_389,252,Y,0|3,,,,Y,,,,0|1,7565097,,,3,,archival,,0.216302523,0.451535352,Y
IM_368,253,Y,0|2,,,,,,,,1|1,28000000,,BRTITROC_TMA3,2,,archival,,0.200793718,0.281952059,Y
JBLAB-19308,253,Y,0|2,Y,,,,,Y,,0|2,7565097,,,NA,,relapse,,NA,NA,N
IM_407,254,Y,0|2,Y,,,,,Y,,0|2,7565097,,BRTITROC_TMA3,NA,,archival,,NA,NA,N
IM_408,254,Y,0|2,,,,,,,,0|3,20000000,,BRTITROC_TMA3,2,,archival,,0.248261363,0.320569042,Y
IM_409,254,Y,0|2,Y,,,,,Y,,0|2,7565097,,,NA,,archival,,NA,NA,N
IM_410,254,Y,0|2,Y,,,,,Y,,0|2,7565097,,BRTITROC_TMA3,NA,,archival,,NA,NA,N
IM_448,254,Y,0|2,,,,,,,,0|2,7565097,Y,,2,,archival,,0.336420691,0.26639832,N
JBLAB-19309,254,Y,0|2,,,,,,,,0|3,7565097,Y,,2,,relapse,,0.197249765,0.427508168,Y
IM_385,255,Y,0|2,,,,,,,,0|2,7565097,Y,BRTITROC_TMA3,3,,archival,,0.144577776,0.726190204,N
IM_386,255,Y,0|2,,,,,,,,0|2,7565097,,BRTITROC_TMA3,3,,archival,,0.179875272,0.487693876,N
JBLAB-19314,255,Y,0|2,,,,,,,,0|2,7565097,Y,,3,,relapse,,0.211315155,0.344061107,N
JBLAB-19315,255,Y,0|2,,,,,,,,0|2,7565097,,,2,,relapse,,0.284961659,0.337314901,N
IM_380,256,Y,0|1,,,,,,,,0|1,7565097,,BRTITROC_TMA3,2,,archival,,0.357024494,0.135587797,N
IM_381,256,Y,0|1,,,,,,,,0|1,7565097,Y,BRTITROC_TMA3,3,,archival,,0.205569304,0.300698505,N
JBLAB-19316,256,Y,0|1,,,,,,,,0|1,7565097,,,3,,relapse,,0.191395506,0.325,N
JBLAB-19317,256,Y,0|1,,,,,,,,0|1,7565097,Y,,3,,relapse,,0.185918842,0.450659321,N
JBLAB-19318,256,Y,1|1,,,,,,,,0|1,7565097,,,3,,relapse,,0.220002896,0.342498364,Y
JBLAB-19319,256,Y,0|1,,,,,,,,0|1,7565097,,,2,,relapse,,0.308647675,0.329850162,N
JBLAB-19320,258,N,,,,,,,Y,,,NA,,,NA,,relapse,,NA,NA,NA
IM_394,259,Y,0|1,,,,Y,,,,0|1,7565097,Y,BRTITROC_TMA3,3,,archival,,0.12445377,0.667641816,N
JBLAB-19321,259,Y,0|4,,,,,,,,0|1,7565097,,,3,,relapse,,0.19173651,0.74340799,Y
JBLAB-19322,259,Y,0|3,,,,,,,,0|1,7565097,Y,,3,,relapse,,0.149744929,0.628342073,Y
IM_426,260,Y,0|1,,,,,,,,0|1,7565097,Y,BRTITROC_TMA3,3,,archival,,0.191587525,0.469500455,N
JBLAB-19323,260,Y,0|1,,,,,,,,0|1,7565097,Y,,3,,relapse,,0.20366946,0.513450421,N
IM_427,261,Y,0|3,,,,,hard to fit,,no change,0|3,7565097,Y,BRTITROC_TMA3,1,,archival,,0.293487697,0.276411838,N
JBLAB-19324,261,Y,0|3,,,,,hard to fit,,no change,0|3,7565097,Y,,3,,relapse,,0.130013179,0.447448967,N
IM_433,262,Y,0|3,,,,Y,needs smoothing and refitting,,redo,0|3,7565097,,BRTITROC_TMA3,2,,archival,,0.103435601,0.964364487,N
IM_382,263,Y,0|2,Y,,,,,Y,,0|2,7565097,,BRTITROC_TMA3,NA,,archival,,NA,NA,N
JBLAB-19325,263,Y,0|1,,,,,,,,0|1,7565097,,,3,,relapse,,0.086710178,0.802336636,N
IM_379,264,Y,0|2,,,,Y,,,,0|2,7565097,N,,1,,archival,,0.367591324,0.19296257,N
JBLAB-19326,264,Y,0|2,,,,,,,,0|2,7565097,,,3,,relapse,,0.136005572,0.665523852,N
JBLAB-19327,265,Y,0|2,,,,,,,,0|2,7565097,,,2,,relapse,,0.281190674,0.355626949,N
IM_434,266,Y,0|3,,,,,,,,0|3,50000000,Y,BRTITROC_TMA3,3,,archival,,0.132505168,0.717632226,Y
JBLAB-19328,266,Y,0|3,,,,,,,,0|2,7565097,,,3,,relapse,,0.162633963,0.841019313,Y
JBLAB-19329,266,Y,0|2,,,,,,,,0|2,7565097,Y,,3,,relapse,,0.153728168,0.824,N
IM_383,267,Y,0|1,,,,,"0|2 also fits, higher ploidy",,,0|1,7565097,Y,BRTITROC_TMA3,3,,archival,,0.129282508,0.504892909,N
JBLAB-19330,267,Y,0|2,,,,,,,,0|2,7565097,Y,,2,,relapse,,0.170948951,0.602300561,N
IM_411,268,Y,0|1,,,,,,,,0|1,7565097,Y,BRTITROC_TMA3,3,,archival,,0.192624193,0.528252523,N
IM_412,268,Y,0|1,,,,,,,,0|1,7565097,,BRTITROC_TMA3,3,,archival,,0.181439785,0.503598714,N
JBLAB-19331,268,Y,0|1,,,,,,,,0|1,7565097,Y,,3,,relapse,,0.144616446,0.572387884,N
JBLAB-19332,269,Y,0|2,,,,,,,,0|2,7565097,,,3,,relapse,,0.110049586,0.794613897,N
IM_413,270,Y,0|2,,,,Y,hard to fit,,,2|1,46500000,,,2,,archival,,0.18132367,0.261445321,Y
JBLAB-19333,270,Y,0|2,,,,,,,,0|2,7565097,,,3,,relapse,,0.106226294,0.564684669,N
IM_390,271,Y,1|2,,,,,,,,0|2,7565097,Y,BRTITROC_TMA3,3,,archival,,0.162656742,0.619934093,Y
JBLAB-19334,271,Y,0|2,,,,,,,,0|2,7565097,Y,,3,,relapse,,0.136578719,0.609512711,N
JBLAB-19335,272,Y,0|5,,,,,"fits 1|1, can be matched to JBLAB-19338 at 0|2",,no change,0|5,7565097,,,3,,relapse,,0.183698436,0.759697993,N
IM_414,273,N,,,,,,recover,,,,NA,,,NA,,archival,,NA,NA,NA
IM_415,273,N,,,,,,recover,,,,NA,,,NA,,archival,,NA,NA,NA
IM_428,273,N,,,,,,recover,,,,NA,,,NA,,archival,,NA,NA,NA
JBLAB-19336,273,N,,,,,,recover,,,,NA,,,NA,,relapse,,NA,NA,NA
IM_395,274,Y,0|1,,,,,,,,0|1,7565097,Y,BRTITROC_TMA3,3,,archival,,0.146320303,0.578105437,N
IM_396,274,Y,0|1,,,,,,,,0|1,7565097,,BRTITROC_TMA3,3,,archival,,0.113821772,0.546972202,N
IM_397,274,N,,,,,,,Y,,,NA,,,NA,,archival,,NA,NA,NA
JBLAB-19337,274,Y,0|1,,,,,,,,0|1,7565097,Y,,3,,relapse,,0.173695393,0.506444376,N
JBLAB-19338,274,Y,0|3,,,,,,,,0|3,7565097,,,3,Y,relapse,,0.134546262,0.997276755,N
JBLAB-19339,275,Y,0|1,,,,,,,,0|1,7565097,,,2,Y,relapse,,0.291718646,0.247292313,N
JBLAB-19340,276,Y,0|2,,,,,flat profile,Y,,0|2,7565097,,,NA,,relapse,,NA,NA,N
IM_16,4,Y,NA,Y,NA,NA,Y,NA,Y,NA,NA,NA,NA,NA,NA,NA,NA,NA,NA,0.03015873,NA
IM_52,20,Y,NA,Y,NA,NA,Y,NA,Y,NA,NA,NA,NA,NA,NA,NA,NA,NA,NA,0.03,NA
IM_438,22,Y,NA,Y,NA,NA,Y,NA,Y,NA,NA,NA,NA,NA,NA,NA,NA,NA,NA,0.238,NA
