patient_id	SYMBOL	CHROM	POS	REF	ALT	Consequence	HGVSc	HGVSp
1	BRCA2	chr13	32911443	GA	G	frameshift_variant	c.2957del	p.Asn986IlefsTer5
39	BRCA2	chr13	32911443	GA	G	frameshift_variant	c.2957del	p.Asn986IlefsTer5
77	BRCA2	chr13	32913559	CA	C	frameshift_variant	c.5073del	p.Lys1691AsnfsTer15
92	BRCA2	chr13	32953633	CA	C	frameshift_variant	c.8940del	p.Glu2981LysfsTer7
92	BRCA2	chr13	32954023	CA	C	frameshift_variant	c.9097del	p.Thr3033LeufsTer29
95	BRCA2	chr13	32954023	CA	C	frameshift_variant	c.9097del	p.Thr3033LeufsTer29
97	BRCA2	chr13	32911443	GA	G	frameshift_variant	c.2957del	p.Asn986IlefsTer5
98	BRCA1	chr17	41243941	G	A	stop_gained	c.3607C>T	p.Arg1203Ter
103	BRCA2	chr13	32913559	CA	C	frameshift_variant	c.5073del	p.Lys1691AsnfsTer15
107	BARD1	chr2	215646085	CT	C	frameshift_variant	c.513del	p.Asp172MetfsTer40
112	BRCA2	chr13	32914577	G	T	stop_gained	c.6085G>T	p.Glu2029Ter
114	BRCA2	chr13	32913837	CA	C	frameshift_variant	c.5351del	p.Asn1784ThrfsTer7
141	BRCA1	chr17	41245587	CT	C	frameshift_variant	c.1961del	p.Lys654SerfsTer47
141	BRCA2	chr13	32953633	CA	C	frameshift_variant	c.8940del	p.Glu2981LysfsTer7
147	BRCA2	chr13	32907421	GA	G	frameshift_variant	c.1813del	p.Ile605TyrfsTer9
149	BRCA2	chr13	32900669	TCTAGGAGCTGAGGTGGATC	T	frameshift_variant	c.552_570del	p.Gly185IlefsTer8
173	BRCA1	chr17	41234592	G	A	stop_gained,splice_region_variant	c.4186C>T	p.Gln1396Ter
195	BRCA1	chr17	41246839	C	A	stop_gained	c.709G>T	p.Glu237Ter
195	BRCA2	chr13	32954023	CA	C	frameshift_variant	c.9097del	p.Thr3033LeufsTer29
208	BRCA1	chr17	41244133	CTTCCCATAGGCTG	C	frameshift_variant	c.3403_3415del	p.Gln1135ValfsTer16
210	BRCA1	chr17	41245458	GA	G	frameshift_variant	c.2090del	p.Phe697SerfsTer4
254	BRCA2	chr13	32954023	CA	C	frameshift_variant	c.9097del	p.Thr3033LeufsTer29
